{"cameraMode":{"drawMode":0,"name":"Shaded","section":"Shading Mode"},"sceneLighting":true,"audioPlay":false,"sceneViewState":{"showFog":false,"showMaterialUpdate":false,"showSkybox":false,"showFlares":false,"showImageEffects":false,"showParticleSystems":false},"in2DMode":false,"pivot":{"x":594.8748168945313,"y":303.2615966796875,"z":-153.63250732421876},"rotation":{"x":-0.0009654795867390931,"y":-0.025320913642644883,"z":-0.000022729313059244305,"w":0.999678909778595},"size":513.2412719726563,"orthographic":false}