{"cameraMode":{"drawMode":0,"name":"Shaded","section":"Shading Mode"},"sceneLighting":true,"audioPlay":false,"sceneViewState":{"showFog":false,"showMaterialUpdate":false,"showSkybox":false,"showFlares":false,"showImageEffects":false,"showParticleSystems":false},"in2DMode":false,"pivot":{"x":-11.107019424438477,"y":-6.345372200012207,"z":-47.37063980102539},"rotation":{"x":-0.0008662205655127764,"y":0.9974126815795898,"z":-0.07098060846328736,"w":-0.01216250192373991},"size":46.0125617980957,"orthographic":false}