{"cameraMode":{"drawMode":0,"name":"Shaded","section":"Shading Mode"},"sceneLighting":false,"audioPlay":false,"sceneViewState":{"showFog":false,"showMaterialUpdate":false,"showSkybox":false,"showFlares":false,"showImageEffects":false,"showParticleSystems":false},"in2DMode":false,"pivot":{"x":-0.03494999557733536,"y":-0.00005000084638595581,"z":-0.003599999938160181},"rotation":{"x":-0.21967439353466035,"y":0.31693461537361147,"z":-0.07571588456630707,"w":-0.9195449352264404},"size":0.539625883102417,"orthographic":false}