{"cameraMode":{"drawMode":0,"name":"Shaded","section":"Shading Mode"},"sceneLighting":false,"audioPlay":false,"sceneViewState":{"showFog":true,"showMaterialUpdate":true,"showSkybox":true,"showFlares":true,"showImageEffects":true,"showParticleSystems":true},"in2DMode":false,"pivot":{"x":0.0002500005066394806,"y":-0.0026499927043914797,"z":-0.001649998128414154},"rotation":{"x":0.0460069440305233,"y":-0.9525371193885803,"z":0.18409264087677003,"w":0.23804694414138795},"size":0.41026055812835696,"orthographic":false}