{"cameraMode":{"drawMode":0,"name":"Shaded","section":"Shading Mode"},"sceneLighting":true,"audioPlay":false,"sceneViewState":{"showFog":false,"showMaterialUpdate":false,"showSkybox":false,"showFlares":false,"showImageEffects":false,"showParticleSystems":false},"in2DMode":false,"pivot":{"x":-13.95865249633789,"y":0.5586392879486084,"z":-6.820305824279785},"rotation":{"x":0.011423332616686821,"y":0.8731415271759033,"z":0.020482903346419336,"w":-0.4869024157524109},"size":5.647886276245117,"orthographic":false}