{"cameraMode":{"drawMode":0,"name":"Shaded","section":"Shading Mode"},"sceneLighting":false,"audioPlay":false,"sceneViewState":{"showFog":false,"showMaterialUpdate":false,"showSkybox":false,"showFlares":false,"showImageEffects":false,"showParticleSystems":false},"in2DMode":false,"pivot":{"x":-5.328154563903809,"y":-3.261789083480835,"z":7.5506205558776859},"rotation":{"x":-0.21967439353466035,"y":0.31693461537361147,"z":-0.07571588456630707,"w":-0.9195449352264404},"size":0.5396266579627991,"orthographic":false}