{"cameraMode":{"drawMode":0,"name":"Shaded","section":"Shading Mode"},"sceneLighting":false,"audioPlay":false,"sceneViewState":{"showFog":false,"showMaterialUpdate":false,"showSkybox":false,"showFlares":false,"showImageEffects":false,"showParticleSystems":false},"in2DMode":false,"pivot":{"x":0.7670000791549683,"y":0.30300000309944155,"z":0.15299999713897706},"rotation":{"x":0.30492347478866579,"y":-0.12224403023719788,"z":0.03950176015496254,"w":0.9436724781990051},"size":2.10343074798584,"orthographic":false}