{"cameraMode":{"drawMode":0,"name":"Shaded","section":"Shading Mode"},"sceneLighting":true,"audioPlay":false,"sceneViewState":{"showFog":false,"showMaterialUpdate":false,"showSkybox":false,"showFlares":false,"showImageEffects":false,"showParticleSystems":false},"in2DMode":false,"pivot":{"x":662.0403442382813,"y":324.41827392578127,"z":-137.16909790039063},"rotation":{"x":-0.3187848627567291,"y":0.0174521766602993,"z":-0.005872016306966543,"w":-0.947648286819458},"size":343.675537109375,"orthographic":false}