{"cameraMode":{"drawMode":0,"name":"Shaded","section":"Shading Mode"},"sceneLighting":true,"audioPlay":false,"sceneViewState":{"showFog":false,"showMaterialUpdate":false,"showSkybox":false,"showFlares":false,"showImageEffects":false,"showParticleSystems":false},"in2DMode":false,"pivot":{"x":8.127029418945313,"y":46.890926361083987,"z":25.72283363342285},"rotation":{"x":0.031325165182352069,"y":0.7140248417854309,"z":-0.698686420917511,"w":0.03201034665107727},"size":17.499670028686525,"orthographic":false}